name,id,nametype,recclass,mass (g),fall,year,reclat,reclong,GeoLocation
Hoba,11890,Valid,"Iron, IVB",60000000,Found,1/01/1920 0:00,-19.58333,17.91667,"(-19.583330, 17.916670)"
Cape York,5262,Valid,"Iron, IIIAB",58200000,Found,01/01/1818 12:00:00 AM,76.13333,-64.93333,"(76.133330, -64.933330)"
Campo del Cielo,5247,Valid,"Iron, IAB-MG",50000000,Found,12/22/1575 12:00:00 AM,-27.46667,-60.58333,"(-27.466670, -60.583330)"
Canyon Diablo,5257,Valid,"Iron, IAB-MG",30000000,Found,01/01/1891 12:00:00 AM,35.05,-111.03333,"(35.050000, -111.033330)"
Armanty,2335,Valid,"Iron, IIIE",28000000,Found,01/01/1898 12:00:00 AM,47,88,"(47.000000, 88.000000)"
Gibeon,10912,Valid,"Iron, IVA",26000000,Found,01/01/1836 12:00:00 AM,-25.5,18,"(-25.500000, 18.000000)"
Chupaderos,5363,Valid,"Iron, IIIAB",24300000,Found,01/01/1852 12:00:00 AM,27,-105.1,"(27.000000, -105.100000)"
Mundrabilla,16852,Valid,"Iron, IAB-ung",24000000,Found,1/01/1911 0:00,-30.78333,127.55,"(-30.783330, 127.550000)"
Sikhote-Alin,23593,Valid,"Iron, IIAB",23000000,Fell,1/01/1947 0:00,46.16,134.65333,"(46.160000, 134.653330)"
Bacubirito,4919,Valid,"Iron, ungrouped",22000000,Found,01/01/1863 12:00:00 AM,26.2,-107.83333,"(26.200000, -107.833330)"
Mbosi,15456,Valid,"Iron, ungrouped",16000000,Found,1/01/1930 0:00,-9.11667,33.06667,"(-9.116670, 33.066670)"
Willamette,24269,Valid,"Iron, IIIAB",15500000,Found,1/01/1902 0:00,45.36667,-122.58333,"(45.366670, -122.583330)"
Morito,16745,Valid,"Iron, IIIAB",10100000,Found,01/01/1600 12:00:00 AM,27.05,-105.43333,"(27.050000, -105.433330)"
Nantan,16906,Valid,"Iron, IAB-MG",9500000,Found,1/01/1958 0:00,25.1,107.7,"(25.100000, 107.700000)"
Cranbourne,5463,Valid,"Iron, IAB-MG",8600000,Found,01/01/1854 12:00:00 AM,-38.1,145.3,"(-38.100000, 145.300000)"
Santa Catharina,23162,Valid,"Iron, IAB-ung",7000000,Found,01/01/1875 12:00:00 AM,-26.21667,-48.6,"(-26.216670, -48.600000)"
Bendegó,5015,Valid,"Iron, IC",5360000,Found,01/01/1784 12:00:00 AM,-10.11667,-39.2,"(-10.116670, -39.200000)"
Brenham,5136,Valid,"Pallasite, PMG-an",4300000,Found,01/01/1882 12:00:00 AM,37.5825,-99.16361,"(37.582500, -99.163610)"
Jilin,12171,Valid,H5,4000000,Fell,1/01/1976 0:00,44.05,126.16667,"(44.050000, 126.166670)"
Vaca Muerta,24142,Valid,Mesosiderite-A1,3828000,Found,01/01/1861 12:00:00 AM,-25.75,-70.5,"(-25.750000, -70.500000)"
Youndegin,30374,Valid,"Iron, IAB-MG",3800000,Found,01/01/1884 12:00:00 AM,-32.1,117.71667,"(-32.100000, 117.716670)"
Al Haggounia 001,44857,Valid,Aubrite,3000000,Found,1/01/2006 0:00,27.5,-12.5,"(27.500000, -12.500000)"
Toluca,24018,Valid,"Iron, IAB-sLL",3000000,Found,01/01/1776 12:00:00 AM,19.56667,-99.56667,"(19.566670, -99.566670)"
Xifu,54608,Valid,"Iron, IAB complex",3000000,Found,1/01/2004 0:00,36.3,120.48333,"(36.300000, 120.483330)"
Yingde,30363,Valid,"Iron, IVA",3000000,Found,1/01/1964 0:00,24.2,113.4,"(24.200000, 113.400000)"
Old Woman,18007,Valid,"Iron, IIAB",2753000,Found,1/01/1976 0:00,34.46667,-115.23333,"(34.466670, -115.233330)"
Wabar,24194,Valid,"Iron, IIIAB",2550000,Found,01/01/1863 12:00:00 AM,21.49972,50.47222,"(21.499720, 50.472220)"
Huckitta,11922,Valid,"Pallasite, PMG-an",2300000,Found,1/01/1924 0:00,-22.36667,135.76667,"(-22.366670, 135.766670)"
Navajo,16926,Valid,"Iron, IIAB",2184000,Found,1/01/1921 0:00,35.33333,-109.5,"(35.333330, -109.500000)"
Coahuila,5387,Valid,"Iron, IIAB",2100000,Found,01/01/1837 12:00:00 AM,28.7,-102.73333,"(28.700000, -102.733330)"
Allende,2278,Valid,CV3,2000000,Fell,1/01/1969 0:00,26.96667,-105.31667,"(26.966670, -105.316670)"
Campinorte,52093,Valid,"Iron, ungrouped",2000000,Found,1/01/1992 0:00,-14.258,-49.15917,"(-14.258000, -49.159170)"
Henbury,11872,Valid,"Iron, IIIAB",2000000,Found,1/01/1931 0:00,-24.56667,133.16667,"(-24.566670, 133.166670)"
Northwest Africa 869,31890,Valid,L4-6,2000000,Found,1/01/2000 0:00,,,
Zhaoping,54609,Valid,"Iron, IAB complex",2000000,Found,1/01/1983 0:00,24.23333,111.18333,"(24.233330, 111.183330)"
Santa Luzia,23166,Valid,"Iron, IIAB",1918000,Found,1/01/1921 0:00,-16.26667,-47.95,"(-16.266670, -47.950000)"
Ghubara,10911,Valid,L5,1750000,Found,1/01/1954 0:00,19.22778,56.14278,"(19.227780, 56.142780)"
Gebel Kamil,52031,Valid,"Iron, ungrouped",1600000,Found,1/01/2009 0:00,22.01833,26.08778,"(22.018330, 26.087780)"
Odessa (iron),17985,Valid,"Iron, IAB-MG",1600000,Found,1/01/1922 0:00,31.71667,-102.4,"(31.716670, -102.400000)"
Casas Grandes,5285,Valid,"Iron, IIIAB",1545000,Found,01/01/1867 12:00:00 AM,30.4,-107.8,"(30.400000, -107.800000)"
Bitburg,5062,Valid,"Iron, IAB complex",1500000,Found,01/01/1805 12:00:00 AM,49.96667,6.53333,"(49.966670, 6.533330)"
Quinn Canyon,22364,Valid,"Iron, IIIAB",1450000,Found,1/01/1908 0:00,38.08333,-115.53333,"(38.083330, -115.533330)"
Charcas,5326,Valid,"Iron, IIIAB",1400000,Found,01/01/1804 12:00:00 AM,23.08333,-101.01667,"(23.083330, -101.016670)"
Santa Apolonia,23160,Valid,"Iron, IIIAB",1316000,Found,01/01/1872 12:00:00 AM,19.21667,-98.3,"(19.216670, -98.300000)"
Tsarev,24058,Valid,L5,1225300,Found,1/01/1968 0:00,48.7,45.7,"(48.700000, 45.700000)"
Alkhamasin,475,Valid,"Iron, IIAB",1200000,Found,1/01/1973 0:00,20.6,44.88333,"(20.600000, 44.883330)"
Kouga Mountains,12352,Valid,"Iron, IIIAB",1173000,Found,1/01/1903 0:00,-33.61667,24,"(-33.616670, 24.000000)"
Goose Lake,10947,Valid,"Iron, IAB-sLL",1169500,Found,1/01/1938 0:00,41.98,-120.54167,"(41.980000, -120.541670)"
Murnpeowie,16878,Valid,"Iron, IC",1143000,Found,1/01/1909 0:00,-29.58333,139.9,"(-29.583330, 139.900000)"
Kunya-Urgench,12379,Valid,H5,1100000,Fell,1/01/1998 0:00,42.25,59.2,"(42.250000, 59.200000)"
Norton County,17922,Valid,Aubrite,1100000,Fell,1/01/1948 0:00,39.68333,-99.86667,"(39.683330, -99.866670)"
Fukang,34491,Valid,"Pallasite, PMG",1003000,Found,1/01/2000 0:00,44.43333,87.63333,"(44.433330, 87.633330)"
Bilibino,5046,Valid,"Iron, IIAB",1000000,Found,1/01/1981 0:00,67.3,160.8,"(67.300000, 160.800000)"
Zacatecas (1792),30381,Valid,"Iron, ungrouped",1000000,Found,01/01/1792 12:00:00 AM,22.81667,-102.56667,"(22.816670, -102.566670)"
Los Sauces,14710,Valid,Iron,997000,Found,1/01/1937 0:00,-29.41667,-66.85,"(-29.416670, -66.850000)"
Tucson,24061,Valid,"Iron, ungrouped",975000,Found,01/01/1850 12:00:00 AM,31.85,-110.96667,"(31.850000, -110.966670)"
Cosby's Creek,5450,Valid,"Iron, IAB-MG",960000,Found,01/01/1837 12:00:00 AM,35.78333,-83.25,"(35.783330, -83.250000)"
Imilac,12025,Valid,"Pallasite, PMG",920000,Found,01/01/1822 12:00:00 AM,-24.20333,-68.80667,"(-24.203330, -68.806670)"
Zhigansk,30405,Valid,"Iron, IIIAB",900000,Found,1/01/1966 0:00,68,128.3,"(68.000000, 128.300000)"
Bondoc,5103,Valid,Mesosiderite-B4,888600,Found,1/01/1956 0:00,13.51667,122.45,"(13.516670, 122.450000)"
Santa Rosa,23167,Valid,"Iron, IC",825000,Found,01/01/1810 12:00:00 AM,5.91667,-73,"(5.916670, -73.000000)"
Brahin,5130,Valid,"Pallasite, PMG",823000,Found,01/01/1810 12:00:00 AM,52.5,30.33333,"(52.500000, 30.333330)"
Red River,22548,Valid,"Iron, IIIAB",800000,Found,01/01/1808 12:00:00 AM,32,-95,"(32.000000, -95.000000)"
Sardis,23177,Valid,"Iron, IAB complex",800000,Found,1/01/1940 0:00,32.94889,-81.865,"(32.948890, -81.865000)"
Wolf Creek,24326,Valid,"Iron, IIIAB",760000,Found,1/01/1947 0:00,-19.3,127.76667,"(-19.300000, 127.766670)"
Esquel,10054,Valid,"Pallasite, PMG",755000,Found,1/01/1951 0:00,-42.9,-71.33333,"(-42.900000, -71.333330)"
Gladstone (iron),10920,Valid,"Iron, IAB-MG",736600,Found,1/01/1915 0:00,-23.9,151.3,"(-23.900000, 151.300000)"
Mount Dooling,16771,Valid,"Iron, IC",734000,Found,1/01/1909 0:00,-29.45,119.71667,"(-29.450000, 119.716670)"
Krasnojarsk,12356,Valid,"Pallasite, PMG-an",700000,Found,01/01/1749 12:00:00 AM,54.9,91.8,"(54.900000, 91.800000)"
Plainview (1917),18841,Valid,H5,700000,Found,1/01/1917 0:00,34.11667,-101.78333,"(34.116670, -101.783330)"
Davis Mountains,6615,Valid,"Iron, IIIAB",689000,Found,1/01/1903 0:00,30.75,-104.25,"(30.750000, -104.250000)"
Arispe,2332,Valid,"Iron, IC",683000,Found,01/01/1896 12:00:00 AM,30.33333,-109.98333,"(30.333330, -109.983330)"
Zerhamra,30403,Valid,"Iron, IIIAB-an",630000,Found,1/01/1967 0:00,29.85861,-2.645,"(29.858610, -2.645000)"
Itapuranga,12057,Valid,"Iron, IAB-MG",628000,Found,,-15.58333,-50.15,"(-15.583330, -50.150000)"
La Caille,12393,Valid,"Iron, ungrouped",626000,Found,01/01/1828 12:00:00 AM,43.73333,6.78333,"(43.733330, 6.783330)"
Jianshi,12087,Valid,"Iron, IIIAB",600000,Fell,01/01/1890 12:00:00 AM,30.80833,109.5,"(30.808330, 109.500000)"
Adzhi-Bogdo (iron),389,Valid,"Iron, IAB complex",582000,Found,1/01/1952 0:00,44.86667,95.41667,"(44.866670, 95.416670)"
Long Island,14694,Valid,L6,564000,Found,01/01/1891 12:00:00 AM,39.93333,-99.6,"(39.933330, -99.600000)"
Jiddat al Harasis 073,12135,Valid,L6,550000,Found,1/01/2002 0:00,19.7,55.73333,"(19.700000, 55.733330)"
Rateldraai,22397,Valid,"Iron, IIIAB",549000,Found,1/01/1909 0:00,-28.83333,21.13333,"(-28.833330, 21.133330)"
Drum Mountains,7733,Valid,"Iron, IIIAB",529000,Found,1/01/1944 0:00,39.5,-112.9,"(39.500000, -112.900000)"
Grant,10957,Valid,"Iron, IIIAB",525000,Found,1/01/1929 0:00,35.16667,-107.88333,"(35.166670, -107.883330)"
Tamentit,23798,Valid,"Iron, IIIAB",510000,Found,01/01/1864 12:00:00 AM,27.71667,-0.25,"(27.716670, -0.250000)"
Trenton,24045,Valid,"Iron, IIIAB",505000,Found,01/01/1858 12:00:00 AM,43.36667,-88.13333,"(43.366670, -88.133330)"
Haig,11471,Valid,"Iron, IIIAB",503000,Found,1/01/1951 0:00,-31.38333,125.63333,"(-31.383330, 125.633330)"
Knyahinya,12335,Valid,L/LL5,500000,Fell,01/01/1866 12:00:00 AM,48.9,22.4,"(48.900000, 22.400000)"
Ochansk,17979,Valid,H4,500000,Fell,01/01/1887 12:00:00 AM,57.78333,55.26667,"(57.783330, 55.266670)"
Boxhole,5126,Valid,"Iron, IIIAB",500000,Found,1/01/1937 0:00,-22.61667,135.2,"(-22.616670, 135.200000)"
El Timbu,7820,Valid,Iron,500000,Found,1/01/1942 0:00,-33.11667,-60.96667,"(-33.116670, -60.966670)"
Prambanan,18884,Valid,"Iron, ungrouped",500000,Found,01/01/1797 12:00:00 AM,-7.56667,110.83333,"(-7.566670, 110.833330)"
Wildara,24265,Valid,H5,500000,Found,1/01/1968 0:00,-28.23333,120.85,"(-28.233330, 120.850000)"
Jepara,53840,Valid,"Pallasite, PMG",499500,Found,1/01/2008 0:00,-6.6,110.73333,"(-6.600000, 110.733330)"
Saint-Aubin,23096,Valid,"Iron, IIIAB",472000,Found,1/01/1968 0:00,48.48333,3.58333,"(48.483330, 3.583330)"
Carbo,5266,Valid,"Iron, IID",454000,Found,1/01/1923 0:00,29.66667,-111.5,"(29.666670, -111.500000)"
Etter,10062,Valid,L5,450000,Found,1/01/1965 0:00,35.98333,-101.9,"(35.983330, -101.900000)"
Sayh al Uhaymir 001,23193,Valid,L5,450000,Found,1/01/2000 0:00,20.51667,56.66667,"(20.516670, 56.666670)"
Wallapai,24206,Valid,"Iron, IID",430000,Found,1/01/1927 0:00,35.8,-113.7,"(35.800000, -113.700000)"
Yanhuitlan,30349,Valid,"Iron, IVA",421000,Found,01/01/1825 12:00:00 AM,17.53333,-97.35,"(17.533330, -97.350000)"
Sahara 02500,22809,Valid,L3,410850,Found,1/01/2001 0:00,,,
Paragould,18101,Valid,LL5,408000,Fell,1/01/1930 0:00,36.06667,-90.5,"(36.066670, -90.500000)"
Allan Hills A76009,1316,Valid,L6,407000,Found,1/01/1976 0:00,-76.71667,159.66667,"(-76.716670, 159.666670)"
Augustinovka,4898,Valid,"Iron, IIIAB",400000,Found,01/01/1890 12:00:00 AM,48.06667,35.08333,"(48.066670, 35.083330)"
Pei Xian,18784,Valid,Iron,400000,Found,1/01/1917 0:00,34.7,117,"(34.700000, 117.000000)"
Mount Joy,16779,Valid,"Iron, IIAB",384000,Found,01/01/1887 12:00:00 AM,39.78333,-77.21667,"(39.783330, -77.216670)"
Mont Dieu,16722,Valid,"Iron, ungrouped",360000,Found,1/01/1994 0:00,49.55,4.86667,"(49.550000, 4.866670)"
Hugoton,11984,Valid,H5,350000,Found,1/01/1927 0:00,37.2,-101.35,"(37.200000, -101.350000)"
Longtian,14696,Valid,"Iron, IIIAB",350000,Found,1/01/1991 0:00,27.35,108.5,"(27.350000, 108.500000)"
Kokstad,12341,Valid,"Iron, IIIE",341000,Found,01/01/1884 12:00:00 AM,-30.55,29.41667,"(-30.550000, 29.416670)"
Bjurböle,5064,Valid,L/LL4,330000,Fell,01/01/1899 12:00:00 AM,60.4,25.8,"(60.400000, 25.800000)"
Millbillillie,16643,Valid,Eucrite-mmict,330000,Fell,1/01/1960 0:00,-26.45,120.36667,"(-26.450000, 120.366670)"
Mount Edith,16773,Valid,"Iron, IIIAB",326000,Found,1/01/1913 0:00,-22.5,116.16667,"(-22.500000, 116.166670)"
Sterlitamak,23724,Valid,"Iron, IIIAB",325000,Fell,1/01/1990 0:00,53.66667,55.98333,"(53.666670, 55.983330)"
Seymchan,23510,Valid,"Pallasite, PMG",323300,Found,1/01/1967 0:00,62.9,152.43333,"(62.900000, 152.433330)"
Estherville,10059,Valid,Mesosiderite-A3/4,320000,Fell,01/01/1879 12:00:00 AM,43.41667,-94.83333,"(43.416670, -94.833330)"
Tamarugal,23794,Valid,"Iron, IIIAB",320000,Found,1/01/1903 0:00,-20.8,-69.66667,"(-20.800000, -69.666670)"
Guffey,11441,Valid,"Iron, ungrouped",309000,Found,1/01/1907 0:00,38.76667,-105.51667,"(38.766670, -105.516670)"
Nova Petropolis,17928,Valid,"Iron, IIIAB",305000,Found,1/01/1967 0:00,-29.43333,-50.91667,"(-29.433330, -50.916670)"
Bruderheim,5156,Valid,L6,303000,Fell,1/01/1960 0:00,53.9,-112.88333,"(53.900000, -112.883330)"
Gressk,11200,Valid,"Iron, IIAB",303000,Found,1/01/1955 0:00,53.23333,27.33333,"(53.233330, 27.333330)"
Mocs,16709,Valid,L5-6,300000,Fell,01/01/1882 12:00:00 AM,46.8,24.03333,"(46.800000, 24.033330)"
Putinga,18905,Valid,L6,300000,Fell,1/01/1937 0:00,-29.03333,-53.05,"(-29.033330, -53.050000)"
North Chile,17001,Valid,"Iron, IIAB",300000,Found,01/01/1875 12:00:00 AM,-23,-69,"(-23.000000, -69.000000)"
Northwest Africa 4037,34309,Valid,L4-6,300000,Found,1/01/2005 0:00,,,
Tianlin,23983,Valid,"Iron, IAB complex",300000,Found,1/01/1956 0:00,24.3,106.1,"(24.300000, 106.100000)"
Morland,16746,Valid,H6,295000,Found,01/01/1890 12:00:00 AM,39.33333,-100.06667,"(39.333330, -100.066670)"
Bur-Abor,5166,Valid,"Iron, IIIAB",290000,Found,1/01/1997 0:00,3.98333,41.65,"(3.983330, 41.650000)"
Estacado,10057,Valid,H6,290000,Found,01/01/1883 12:00:00 AM,33.9,-101.75,"(33.900000, -101.750000)"
Morasko,16741,Valid,"Iron, IAB-MG",290000,Found,1/01/1914 0:00,52.46667,16.9,"(52.466670, 16.900000)"
Clovis (no. 1),5385,Valid,H3.6,283000,Found,1/01/1961 0:00,34.3,-103.13472,"(34.300000, -103.134720)"
Rio Limay,22609,Valid,L5,280000,Found,1/01/1995 0:00,-39.85,-69.48333,"(-39.850000, -69.483330)"
Sanclerlandia,23132,Valid,"Iron, IIIAB",279000,Found,1/01/1971 0:00,-16.21667,-50.3,"(-16.216670, -50.300000)"
South Dahna,23677,Valid,"Iron, IAB complex",275000,Found,1/01/1957 0:00,22.56667,48.3,"(22.566670, 48.300000)"
Mount Padbury,16785,Valid,Mesosiderite-A1,272000,Found,1/01/1964 0:00,-25.66667,118.1,"(-25.666670, 118.100000)"
Saint-Séverin,23102,Valid,LL6,271000,Fell,1/01/1966 0:00,45.3,0.23333,"(45.300000, 0.233330)"
Lake Murray,12446,Valid,"Iron, IIAB",270000,Found,1/01/1933 0:00,34.1,-97,"(34.100000, -97.000000)"
Miles,16641,Valid,"Iron, IIE",265000,Found,1/01/1992 0:00,-27.83333,150.33333,"(-27.833330, 150.333330)"
Potter,18878,Valid,L6,261000,Found,1/01/1941 0:00,41.23333,-103.3,"(41.233330, -103.300000)"
Suizhou,23738,Valid,L6,260000,Fell,1/01/1986 0:00,31.61667,113.46667,"(31.616670, 113.466670)"
Tishomingo,24010,Valid,"Iron, ungrouped",260000,Found,1/01/1965 0:00,34.25,-96.68333,"(34.250000, -96.683330)"
Dalgety Downs,5507,Valid,L4,257000,Found,1/01/1941 0:00,-25.33333,116.18333,"(-25.333330, 116.183330)"
Boguslavka,5098,Valid,"Iron, IIAB",256000,Fell,1/01/1916 0:00,44.55,131.63333,"(44.550000, 131.633330)"
Dhofar 020,6719,Valid,H4/5,256000,Found,1/01/2000 0:00,19.03333,54.51667,"(19.033330, 54.516670)"
Uegit,24105,Valid,"Iron, IIIAB",252000,Found,1/01/1921 0:00,3.81667,43.33333,"(3.816670, 43.333330)"
Omolon,18019,Valid,"Pallasite, PMG",250000,Fell,1/01/1981 0:00,64.02,161.80833,"(64.020000, 161.808330)"
Pultusk,18901,Valid,H5,250000,Fell,01/01/1868 12:00:00 AM,52.76667,21.26667,"(52.766670, 21.266670)"
Netschaëvo,16949,Valid,"Iron, IIE-an",250000,Found,01/01/1846 12:00:00 AM,54.23333,35.15,"(54.233330, 35.150000)"
Shangdu,23523,Valid,"Iron, IIIAB",247000,Found,1/01/1957 0:00,42.5,114,"(42.500000, 114.000000)"
St. Genevieve County,23086,Valid,"Iron, IIIF",244500,Found,01/01/1888 12:00:00 AM,37.96667,-90.31667,"(37.966670, -90.316670)"
El Hammami,7806,Valid,H5,240000,Found,1/01/1997 0:00,23.28333,-10.81667,"(23.283330, -10.816670)"
Northwest Africa 4528,44961,Valid,H5,239976,Found,1/01/2006 0:00,,,
Sacramento Mountains,22794,Valid,"Iron, IIIAB",237200,Found,01/01/1890 12:00:00 AM,32.91667,-104.66667,"(32.916670, -104.666670)"
Homestead,11901,Valid,L5,230000,Fell,01/01/1875 12:00:00 AM,41.8,-91.86667,"(41.800000, -91.866670)"
New Concord,16953,Valid,L6,230000,Fell,01/01/1860 12:00:00 AM,40,-81.76667,"(40.000000, -81.766670)"
Muonionalusta,16873,Valid,"Iron, IVA",230000,Found,1/01/1906 0:00,67.8,23.1,"(67.800000, 23.100000)"
Alfianello,466,Valid,L6,228000,Fell,01/01/1883 12:00:00 AM,45.26667,10.15,"(45.266670, 10.150000)"
Bear Creek,4982,Valid,"Iron, IIIAB",227000,Found,01/01/1866 12:00:00 AM,39.6,-105.3,"(39.600000, -105.300000)"
Holbrook,11894,Valid,L/LL6,220000,Fell,1/01/1912 0:00,34.9,-110.18333,"(34.900000, -110.183330)"
Guixi,11446,Valid,"Iron, IIIAB",220000,Found,,28.28333,117.18333,"(28.283330, 117.183330)"
Youxi,55793,Valid,Mesosiderite-C,218000,Found,1/01/2006 0:00,26.06,118.01,"(26.060000, 118.010000)"
Acuña,373,Valid,"Iron, IIIAB",217700,Found,1/01/1981 0:00,29.31667,-100.96667,"(29.316670, -100.966670)"
Ssyromolotovo,23694,Valid,"Iron, IIIAB",217000,Found,01/01/1873 12:00:00 AM,58.61667,98.93333,"(58.616670, 98.933330)"
Chinga,5353,Valid,"Iron, ungrouped",209400,Found,1/01/1913 0:00,51.05833,94.4,"(51.058330, 94.400000)"
Kainsaz,12229,Valid,CO3.2,200000,Fell,1/01/1937 0:00,55.43333,53.25,"(55.433330, 53.250000)"
Kunashak,12377,Valid,L6,200000,Fell,1/01/1949 0:00,55.78333,61.36667,"(55.783330, 61.366670)"
Saratov,23176,Valid,L4,200000,Fell,1/01/1918 0:00,52.55,46.55,"(52.550000, 46.550000)"
Barratta,4951,Valid,L4,200000,Found,01/01/1845 12:00:00 AM,-35.3,144.56667,"(-35.300000, 144.566670)"
Dimmitt,7645,Valid,H3.7,200000,Found,1/01/1942 0:00,34.58333,-102.16667,"(34.583330, -102.166670)"
Jiddat al Harasis 055,12119,Valid,L4-5,200000,Found,1/01/2004 0:00,19.65167,55.69,"(19.651670, 55.690000)"
Liangcheng,14645,Valid,"Iron, IIIAB",200000,Found,1/01/1959 0:00,40.5,112.5,"(40.500000, 112.500000)"
Moshesh,16756,Valid,H,200000,Found,,-30.1,28.71667,"(-30.100000, 28.716670)"
Northwest Africa 4544,45508,Valid,E,200000,Found,1/01/2006 0:00,,,
Northwest Africa 4561,45516,Valid,E,200000,Found,1/01/2006 0:00,,,
Patos de Minas (octahedrite),18114,Valid,"Iron, IAB complex",200000,Found,1/01/1925 0:00,-18.58333,-46.53333,"(-18.583330, -46.533330)"
Porto Alegre,52091,Valid,"Iron, IIIE",200000,Found,1/01/2005 0:00,-30.03306,-51.23,"(-30.033060, -51.230000)"
Pallasovka,34061,Valid,"Pallasite, PMG",198000,Found,1/01/1990 0:00,49.86667,46.61167,"(49.866670, 46.611670)"
Kenton County,12280,Valid,"Iron, IIIAB",194000,Found,01/01/1889 12:00:00 AM,38.81667,-84.6,"(38.816670, -84.600000)"
Owens Valley,18061,Valid,"Iron, IIIAB",192800,Found,1/01/1913 0:00,37.46667,-118,"(37.466670, -118.000000)"
Guanghua,11434,Valid,"Iron, IVA",190000,Found,1/01/1932 0:00,32.4,111.7,"(32.400000, 111.700000)"
Admire,380,Valid,"Pallasite, PMG",180000,Found,01/01/1881 12:00:00 AM,38.7,-96.1,"(38.700000, -96.100000)"
Northwest Africa 2924,33374,Valid,Mesosiderite,180000,Found,1/01/2005 0:00,,,
Travis County (a),24040,Valid,H5,175400,Found,01/01/1889 12:00:00 AM,30.3,-97.7,"(30.300000, -97.700000)"
Zag,30384,Valid,H3-6,175000,Fell,1/01/1998 0:00,27.33333,-9.33333,"(27.333330, -9.333330)"
Iron Creek,12047,Valid,"Iron, IIIAB",175000,Found,01/01/1869 12:00:00 AM,53,-112,"(53.000000, -112.000000)"
Tanokami Mountain,23872,Valid,"Iron, IIIE",174000,Found,01/01/1885 12:00:00 AM,34.91667,135.96667,"(34.916670, 135.966670)"
Tamir-Tsetserleg,23799,Valid,Stone-uncl,173000,Found,1/01/1956 0:00,47.45,101.47917,"(47.450000, 101.479170)"
Owasco,18060,Valid,L6,168400,Found,1/01/1984 0:00,41.2,-103.68333,"(41.200000, -103.683330)"
Madoc,15381,Valid,"Iron, IIIAB",168000,Found,01/01/1854 12:00:00 AM,44.5,-77.46667,"(44.500000, -77.466670)"
Manlai,15407,Valid,"Iron, ungrouped",166800,Found,1/01/1954 0:00,44.33333,106.5,"(44.333330, 106.500000)"
Djati-Pengilon,7652,Valid,H6,166000,Fell,01/01/1884 12:00:00 AM,-7.5,111.5,"(-7.500000, 111.500000)"
Durango,7751,Valid,"Iron, IIIAB",164000,Found,01/01/1804 12:00:00 AM,,,
São Julião de Moreira,23172,Valid,"Iron, IIAB",162000,Found,01/01/1883 12:00:00 AM,41.76611,-8.58361,"(41.766110, -8.583610)"
Zaragoza,48916,Valid,"Iron, IVA-an",162000,Found,,41.65,-0.86667,"(41.650000, -0.866670)"
Knowles,12334,Valid,"Iron, IIIAB",161000,Found,1/01/1903 0:00,36.9,-100.21667,"(36.900000, -100.216670)"
Tenham,23897,Valid,L6,160000,Fell,01/01/1879 12:00:00 AM,-25.73333,142.95,"(-25.733330, 142.950000)"
Garabato,10856,Valid,H5,160000,Found,1/01/1995 0:00,-28.86667,-60.2,"(-28.866670, -60.200000)"
Qijiaojing,54610,Valid,"Iron, ungrouped",160000,Found,1/01/2003 0:00,43.75,92.91667,"(43.750000, 92.916670)"
Mount Vernon,16806,Valid,"Pallasite, PMG",159000,Found,01/01/1868 12:00:00 AM,36.93333,-87.4,"(36.933330, -87.400000)"
Longchang,14695,Valid,"Iron, IVA-an",158500,Found,01/01/1781 12:00:00 AM,29.3,105.3,"(29.300000, 105.300000)"
Kimble County,12311,Valid,H6,153800,Found,1/01/1918 0:00,30.41667,-99.4,"(30.416670, -99.400000)"
Bluff (a),5087,Valid,L5,153300,Found,01/01/1878 12:00:00 AM,29.87861,-96.87222,"(29.878610, -96.872220)"
Forest City,10119,Valid,H5,152000,Fell,01/01/1890 12:00:00 AM,43.25,-93.66667,"(43.250000, -93.666670)"
Glasatovo,10926,Valid,H4,152000,Fell,1/01/1918 0:00,57.35,37.61667,"(57.350000, 37.616670)"
Northwest Africa 5940,50826,Valid,H5-6,151000,Found,1/01/2009 0:00,0,0,"(0.000000, 0.000000)"
Yardymly,30352,Valid,"Iron, IAB complex",150200,Fell,1/01/1959 0:00,38.93333,48.25,"(38.933330, 48.250000)"
Mbale,15455,Valid,L5/6,150000,Fell,1/01/1992 0:00,1.06667,34.16667,"(1.066670, 34.166670)"
Olivenza,18013,Valid,LL5,150000,Fell,1/01/1924 0:00,38.71667,-7.06667,"(38.716670, -7.066670)"
Weston,24249,Valid,H4,150000,Fell,01/01/1807 12:00:00 AM,41.266667,-73.266667,"(41.266667, -73.266667)"
Wiluna,24281,Valid,H5,150000,Fell,1/01/1967 0:00,-26.59278,120.32833,"(-26.592780, 120.328330)"
Jalu,12070,Valid,L6,150000,Found,1/01/2000 0:00,27.95833,21.68333,"(27.958330, 21.683330)"
Magura,15388,Valid,"Iron, IAB-MG",150000,Found,01/01/1840 12:00:00 AM,49.33333,19.48333,"(49.333330, 19.483330)"
McKinney,15463,Valid,L4,150000,Found,01/01/1870 12:00:00 AM,33.18333,-96.71667,"(33.183330, -96.716670)"
Paneth's Iron,18095,Valid,"Iron, IIIE",150000,Found,01/01/1873 12:00:00 AM,,,
Tres Castillos,24047,Valid,"Iron, ungrouped",150000,Found,1/01/1992 0:00,29.47,-105.8,"(29.470000, -105.800000)"
Tres Estacas,24048,Valid,OC,150000,Found,1/01/1968 0:00,,,
Montferré,16727,Valid,H5,149000,Fell,1/01/1923 0:00,43.39056,1.9625,"(43.390560, 1.962500)"
Orange River (iron),18023,Valid,"Iron, IIIAB",148800,Found,01/01/1855 12:00:00 AM,-30,25,"(-30.000000, 25.000000)"
Camp Wood,51830,Valid,"Iron, IIIAB",148000,Found,,29.7725,-99.875,"(29.772500, -99.875000)"
Glorieta Mountain,10935,Valid,"Pallasite, PMG-an",148000,Found,01/01/1884 12:00:00 AM,35.6,-105.8,"(35.600000, -105.800000)"
Gilgoin,10915,Valid,H5,147000,Found,01/01/1889 12:00:00 AM,-30.38333,147.2,"(-30.383330, 147.200000)"
Wichita County,24257,Valid,"Iron, IAB-MG",145000,Found,01/01/1836 12:00:00 AM,34.06667,-98.91667,"(34.066670, -98.916670)"
Molina,16715,Valid,H5,144000,Fell,01/01/1858 12:00:00 AM,38.11667,-1.16667,"(38.116670, -1.166670)"
El Sampal,7817,Valid,"Iron, IIIAB",142000,Found,1/01/1973 0:00,-44.53333,-70.36667,"(-44.533330, -70.366670)"
Keyes,12287,Valid,L6,142000,Found,1/01/1939 0:00,36.71667,-102.5,"(36.716670, -102.500000)"
Tambo Quemado,23797,Valid,"Iron, IIIAB",141000,Found,1/01/1950 0:00,-14.66667,-74.5,"(-14.666670, -74.500000)"
Ysleta,30375,Valid,"Iron, ungrouped",140700,Found,1/01/1914 0:00,31.65,-106.18333,"(31.650000, -106.183330)"
Selma,23486,Valid,H4,140600,Found,1/01/1906 0:00,32.4,-87,"(32.400000, -87.000000)"
Huizopa,11985,Valid,"Iron, IVA",140000,Found,1/01/1907 0:00,28.9,-108.56667,"(28.900000, -108.566670)"
Ider,11999,Valid,"Iron, IIIAB",140000,Found,1/01/1957 0:00,34.68333,-85.65,"(34.683330, -85.650000)"
Korra Korrabes,12347,Valid,H3,140000,Found,1/01/1996 0:00,-25.2,18.08333,"(-25.200000, 18.083330)"
Brainard,5131,Valid,"Iron, IIIAB",138300,Found,1/01/1978 0:00,41.15333,-96.955,"(41.153330, -96.955000)"
Derrick Peak A78009,6685,Valid,"Iron, IIAB",138100,Found,1/01/1978 0:00,-80.06667,156.38333,"(-80.066670, 156.383330)"
Babb's Mill (Blake's Iron),4915,Valid,"Iron, ungrouped",136000,Found,01/01/1876 12:00:00 AM,36.3,-82.88333,"(36.300000, -82.883330)"
Cape of Good Hope,5261,Valid,"Iron, IVB",136000,Found,01/01/1793 12:00:00 AM,-33.5,26,"(-33.500000, 26.000000)"
Kesen,12286,Valid,H4,135000,Fell,01/01/1850 12:00:00 AM,38.98333,141.61667,"(38.983330, 141.616670)"
Colomera,5404,Valid,"Iron, IIE",134000,Found,1/01/1912 0:00,37.43333,-3.65,"(37.433330, -3.650000)"
Carnegie,5278,Valid,L6,132700,Found,1/01/1963 0:00,35.16667,-98.64389,"(35.166670, -98.643890)"
Araslanovo,2324,Valid,L/LL5,132000,Found,1/01/1973 0:00,55.14167,48.2,"(55.141670, 48.200000)"
Karavannoe,56567,Valid,"Pallasite, PES",132000,Found,,57.78117,47.67967,"(57.781170, 47.679670)"
Yenberrie,30361,Valid,"Iron, IAB-MG",132000,Found,1/01/1918 0:00,-14.25,132.01667,"(-14.250000, 132.016670)"
Dong Ujimqin Qi,7706,Valid,Mesosiderite,128800,Fell,1/01/1995 0:00,45.5,119.03333,"(45.500000, 119.033330)"
Chebankol,5335,Valid,"Iron, IAB-sHL",127760,Found,1/01/1938 0:00,53.66667,88,"(53.666670, 88.000000)"
Ozona,18066,Valid,H6,127500,Found,1/01/1929 0:00,30.73333,-101.3,"(30.733330, -101.300000)"
Ensisheim,10039,Valid,LL6,127000,Fell,12/23/1491 12:00:00 AM,47.86667,7.35,"(47.866670, 7.350000)"
Carthage,5282,Valid,"Iron, IIIAB",127000,Found,01/01/1840 12:00:00 AM,36.26667,-85.98333,"(36.266670, -85.983330)"
Dhofar 005,6704,Valid,L6,125500,Found,1/01/2000 0:00,18.16667,54.16667,"(18.166670, 54.166670)"
Jiddat al Harasis 091,12150,Valid,L5,123374,Found,1/01/2002 0:00,19.69362,56.65432,"(19.693620, 56.654320)"
Bur-Gheluai,5169,Valid,H5,120000,Fell,1/01/1919 0:00,5,48,"(5.000000, 48.000000)"
Northwest Africa 1172,17130,Valid,H5,120000,Found,1/01/2000 0:00,,,
Santiago Papasquiero,23169,Valid,"Iron, ungrouped",119500,Found,1/01/1958 0:00,24.5,-106,"(24.500000, -106.000000)"
Youanmi,30373,Valid,"Iron, IIIAB",118400,Found,1/01/1917 0:00,-29.5,118.75,"(-29.500000, 118.750000)"
Duketon,7740,Valid,"Iron, IIIAB",118300,Found,1/01/1948 0:00,-27.5,122.36667,"(-27.500000, 122.366670)"
Bencubbin,5014,Valid,CBa,118000,Found,1/01/1930 0:00,-30.75,117.78333,"(-30.750000, 117.783330)"
Scurry,23468,Valid,H5,118000,Found,1/01/1937 0:00,32.5,-101,"(32.500000, -101.000000)"
Para de Minas,18099,Valid,"Iron, IVA",116300,Found,1/01/1934 0:00,-19.86667,-44.61667,"(-19.866670, -44.616670)"
Northwest Africa 6947,54510,Valid,H5,115777,Found,1/01/2011 0:00,0,0,"(0.000000, 0.000000)"
Cleveland,5379,Valid,"Iron, IIIAB",115000,Found,01/01/1860 12:00:00 AM,34.88333,-84.78333,"(34.883330, -84.783330)"
Tafassasset,23779,Valid,CR-an,114000,Found,1/01/2000 0:00,20.76333,10.44167,"(20.763330, 10.441670)"
Caperr,5263,Valid,"Iron, IIIAB",113900,Found,01/01/1869 12:00:00 AM,-45.28333,-70.48333,"(-45.283330, -70.483330)"
Buenaventura,5162,Valid,"Iron, IIIAB",113600,Found,1/01/1969 0:00,29.8,-107.55,"(29.800000, -107.550000)"
Northwest Africa 1430,17235,Valid,"Iron, IIIAB",113000,Found,1/01/2001 0:00,,,
Gundaring,11452,Valid,"Iron, IIIAB",112500,Found,1/01/1937 0:00,-33.3,117.66667,"(-33.300000, 117.666670)"
Oakley (iron),17972,Valid,"Iron, IIIF",111000,Found,1/01/1926 0:00,42.33333,-113.7,"(42.333330, -113.700000)"
Florey,10112,Valid,H6,110800,Found,1/01/1978 0:00,32.5225,-102.705,"(32.522500, -102.705000)"
Etosha,10061,Valid,"Iron, IC",110700,Found,1/01/1970 0:00,-18.5,16,"(-18.500000, 16.000000)"
Lewis Cliff 85320,12790,Valid,H5,110224,Found,1/01/1985 0:00,-84.26223,161.41628,"(-84.262230, 161.416280)"
Mount Tazerzait,16804,Valid,L5,110000,Fell,1/01/1991 0:00,18.7,4.8,"(18.700000, 4.800000)"
Sulagiri,48951,Valid,LL6,110000,Fell,1/01/2008 0:00,12.66667,78.03333,"(12.666670, 78.033330)"
Lenarto,12763,Valid,"Iron, IIIAB",108500,Found,01/01/1814 12:00:00 AM,49,21,"(49.000000, 21.000000)"
Abee,6,Valid,EH4,107000,Fell,1/01/1952 0:00,54.21667,-113,"(54.216670, -113.000000)"
Elbogen,7823,Valid,"Iron, IID",107000,Fell,12/24/1399 12:00:00 AM,50.18333,12.73333,"(50.183330, 12.733330)"
Zhovtnevyi,30407,Valid,H6,107000,Fell,1/01/1938 0:00,47.58333,37.25,"(47.583330, 37.250000)"
Tiberrhamine,23985,Valid,L6,107000,Found,1/01/1967 0:00,28.11667,0.53333,"(28.116670, 0.533330)"
Cook 001,5421,Valid,H5,105000,Found,1/01/1989 0:00,-30.33333,130.53333,"(-30.333330, 130.533330)"
Faith,10071,Valid,H5,105000,Found,1/01/1952 0:00,45.33333,-102.08333,"(45.333330, -102.083330)"
Chico,5346,Valid,L6,104800,Found,1/01/1954 0:00,36.5,-104.2,"(36.500000, -104.200000)"
Colby (Wisconsin),5395,Valid,L6,104000,Fell,1/01/1917 0:00,44.9,-90.28333,"(44.900000, -90.283330)"
Juncal,12211,Valid,"Iron, IIIAB",104000,Found,01/01/1866 12:00:00 AM,-26,-69.25,"(-26.000000, -69.250000)"
Molong,16716,Valid,"Pallasite, PMG",104000,Found,1/01/1912 0:00,-33.28333,148.88333,"(-33.283330, 148.883330)"
Udei Station,24101,Valid,"Iron, IAB-ung",103000,Fell,1/01/1927 0:00,7.95,8.08333,"(7.950000, 8.083330)"
Rifle,22605,Valid,"Iron, IAB-MG",102700,Found,1/01/1948 0:00,38.51667,-107.83333,"(38.516670, -107.833330)"
Seeläsgen,23474,Valid,"Iron, IAB-MG",102000,Found,01/01/1847 12:00:00 AM,52.26667,15.55,"(52.266670, 15.550000)"
Sevrukovo,23509,Valid,L5,101000,Fell,01/01/1874 12:00:00 AM,50.61667,36.6,"(50.616670, 36.600000)"
Chelyabinsk,57165,Valid,LL5,100000,Fell,1/01/2013 0:00,54.81667,61.11667,"(54.816670, 61.116670)"
Chergach ,47347,Valid,H5,100000,Fell,1/01/2007 0:00,23.69639,-5.01472,"(23.696390, -5.014720)"
Gujba,11449,Valid,CBa,100000,Fell,1/01/1984 0:00,11.49167,11.65833,"(11.491670, 11.658330)"
Juancheng,12203,Valid,H5,100000,Fell,1/01/1997 0:00,35.5,115.41667,"(35.500000, 115.416670)"
Kidairat,12300,Valid,H6,100000,Fell,1/01/1983 0:00,14,28,"(14.000000, 28.000000)"
Murchison,16875,Valid,CM2,100000,Fell,1/01/1969 0:00,-36.61667,145.2,"(-36.616670, 145.200000)"
Paranaiba,18103,Valid,L6,100000,Fell,1/01/1956 0:00,-19.13333,-51.66667,"(-19.133330, -51.666670)"
Tamdakht,48691,Valid,H5,100000,Fell,1/01/2008 0:00,31.16333,-7.015,"(31.163330, -7.015000)"
Agoudal,57354,Valid,"Iron, IIAB",100000,Found,1/01/2000 0:00,31.98457,-5.51528,"(31.984570, -5.515280)"
Anyujskij,2312,Valid,"Iron, IIAB",100000,Found,1/01/1981 0:00,66.9,164.2,"(66.900000, 164.200000)"
Bou Azarif,53812,Valid,H5,100000,Found,1/01/2010 0:00,31.15643,-5.15262,"(31.156430, -5.152620)"
Budulan,5161,Valid,Mesosiderite-B4,100000,Found,1/01/1962 0:00,50.56667,114.9,"(50.566670, 114.900000)"
Cook 007,5427,Valid,H4,100000,Found,1/01/1989 0:00,-30.61667,130.41667,"(-30.616670, 130.416670)"
Dimitrovgrad,7644,Valid,"Iron, IIIAB",100000,Found,1/01/1949 0:00,43.04639,22.86389,"(43.046390, 22.863890)"
Faucett,10077,Valid,H5,100000,Found,1/01/1966 0:00,39.61667,-94.86667,"(39.616670, -94.866670)"
Franconia,10174,Valid,H5,100000,Found,1/01/2002 0:00,34.71637,-114.22197,"(34.716370, -114.221970)"
Lutschaunig's Stone,14762,Valid,L6,100000,Found,01/01/1861 12:00:00 AM,-27,-70,"(-27.000000, -70.000000)"
Northwest Africa 2239,17634,Valid,L3-6,100000,Found,1/01/2002 0:00,,,
Northwest Africa 2965,33415,Valid,EL6/7,100000,Found,1/01/2005 0:00,,,
Northwest Africa 4502,45481,Valid,CV3,100000,Found,1/01/2005 0:00,0,0,"(0.000000, 0.000000)"
Pierceville (iron),18819,Valid,"Iron, IIIAB",100000,Found,1/01/1917 0:00,37.86667,-100.66667,"(37.866670, -100.666670)"
Retuerta del Bullaque,56577,Valid,"Iron, IAB-MG",100000,Found,1/01/1980 0:00,39.45889,-4.3775,"(39.458890, -4.377500)"
Zhongxiang,30406,Valid,Iron,100000,Found,1/01/1981 0:00,31.2,112.5,"(31.200000, 112.500000)"
Social Circle,23659,Valid,"Iron, IVA",99300,Found,1/01/1927 0:00,33.7,-83.7,"(33.700000, -83.700000)"
Steinbach,23722,Valid,"Iron, IVA-an",98000,Found,01/01/1724 12:00:00 AM,50.5,12.5,"(50.500000, 12.500000)"
Palmas de Monte Alto,48959,Valid,"Iron, IIIAB",97000,Found,1/01/1954 0:00,-14.3675,-43.02278,"(-14.367500, -43.022780)"
Zavid,30396,Valid,L6,95000,Fell,01/01/1897 12:00:00 AM,44.4,19.11667,"(44.400000, 19.116670)"
Dar al Gani 749,6296,Valid,CO3,95000,Found,1/01/1999 0:00,27.30167,15.7645,"(27.301670, 15.764500)"
Northwest Africa 1778,17460,Valid,L6,95000,Found,1/01/2002 0:00,,,
Loreto,14705,Valid,"Iron, IIIAB",94800,Found,01/01/1896 12:00:00 AM,26.01667,-111.36667,"(26.016670, -111.366670)"
Weekeroo Station,24230,Valid,"Iron, IIE-an",94200,Found,1/01/1924 0:00,-32.26667,139.86667,"(-32.266670, 139.866670)"
Carver,5284,Valid,"Iron, IIAB",94000,Found,1/01/1935 0:00,32,-86,"(32.000000, -86.000000)"
Concho,5417,Valid,L6,93500,Found,1/01/1939 0:00,32,-101.5,"(32.000000, -101.500000)"
Machinga,15371,Valid,L6,93200,Fell,1/01/1981 0:00,-15.21222,35.24222,"(-15.212220, 35.242220)"
Watson 001,24221,Valid,"Iron, IIE",93000,Found,1/01/1972 0:00,-30.5,131.55,"(-30.500000, 131.550000)"
Wiltshire,56143,Valid,H5,92750,Found,,51.14967,-1.81,"(51.149670, -1.810000)"
Jiddat al Harasis 090,12149,Valid,L5,92667.6,Found,1/01/2002 0:00,19.71678,56.6062,"(19.716780, 56.606200)"
Karee Kloof,12259,Valid,"Iron, IAB-sLL",92100,Found,1/01/1914 0:00,-31.6,25.8,"(-31.600000, 25.800000)"
Laguna Manantiales,12413,Valid,Iron,92000,Found,1/01/1945 0:00,-48.58333,-67.41667,"(-48.583330, -67.416670)"
Juvinas,12214,Valid,Eucrite-mmict,91000,Fell,01/01/1821 12:00:00 AM,44.71667,4.3,"(44.716670, 4.300000)"
Richardton,22599,Valid,H5,90000,Fell,1/01/1918 0:00,46.88333,-102.31667,"(46.883330, -102.316670)"
ad-Dahbubah,376,Valid,H5,90000,Found,1/01/1961 0:00,19.83333,51.25,"(19.833330, 51.250000)"
Farmington,10074,Valid,L5,89400,Fell,01/01/1890 12:00:00 AM,39.75,-97.03333,"(39.750000, -97.033330)"
Mincy,16694,Valid,Mesosiderite-B4,89400,Found,01/01/1857 12:00:00 AM,36.55,-93.1,"(36.550000, -93.100000)"
Bennett County,5022,Valid,"Iron, IIAB",89000,Found,1/01/1934 0:00,43.5,-101.25,"(43.500000, -101.250000)"
Mills,16687,Valid,H6,88000,Found,1/01/1970 0:00,36.23,-104.11889,"(36.230000, -104.118890)"
Northwest Africa 6727,53763,Valid,L5,88000,Found,1/01/2006 0:00,0,0,"(0.000000, 0.000000)"
San Angelo,23117,Valid,"Iron, IIIAB",88000,Found,01/01/1897 12:00:00 AM,31.41667,-100.35,"(31.416670, -100.350000)"
Wagon Mound,24196,Valid,L6,87500,Found,1/01/1932 0:00,35.84083,-104.58583,"(35.840830, -104.585830)"
Roebourne,22644,Valid,"Iron, IIIAB",86860,Found,01/01/1892 12:00:00 AM,-22.33333,118,"(-22.333330, 118.000000)"
Bath Furnace,4975,Valid,L6,86000,Fell,1/01/1902 0:00,38.25,-83.75,"(38.250000, -83.750000)"
Tulia (a),24066,Valid,H3-4,86000,Found,1/01/1917 0:00,34.61667,-101.95,"(34.616670, -101.950000)"
Kayakent,12268,Valid,"Iron, IIIAB",85000,Fell,1/01/1961 0:00,39.26333,31.78,"(39.263330, 31.780000)"
Apoala,2317,Valid,"Iron, IIIAB",85000,Found,01/01/1889 12:00:00 AM,17.7,-97,"(17.700000, -97.000000)"
Juanita de Angeles,12204,Valid,H5,85000,Found,1/01/1992 0:00,28.41667,-105.08333,"(28.416670, -105.083330)"
Zapaliname,30392,Valid,"Iron, IAB-MG",85000,Found,1/01/1998 0:00,25.00944,-100.75,"(25.009440, -100.750000)"
Bruceville,5155,Valid,L6,83000,Found,1/01/1998 0:00,38.295,-121.405,"(38.295000, -121.405000)"
Gan Gan,10852,Valid,"Iron, IVA",83000,Found,1/01/1984 0:00,-42.66667,-68.08333,"(-42.666670, -68.083330)"
Gretna,11201,Valid,L5,82000,Found,1/01/1912 0:00,39.93333,-99.21667,"(39.933330, -99.216670)"
Ness County (1894),16946,Valid,L6,82000,Found,01/01/1894 12:00:00 AM,38.5,-99.6,"(38.500000, -99.600000)"
Renfrow,22588,Valid,L6,81600,Found,1/01/1986 0:00,36.98667,-97.555,"(36.986670, -97.555000)"
Carlton,5277,Valid,"Iron, IAB-sLM",81200,Found,01/01/1887 12:00:00 AM,31.91667,-98.03333,"(31.916670, -98.033330)"
Ainsworth,422,Valid,"Iron, IIAB",80650,Found,1/01/1907 0:00,42.6,-99.8,"(42.600000, -99.800000)"
Kernouve,12284,Valid,H6,80000,Fell,01/01/1869 12:00:00 AM,48.11667,-3.08333,"(48.116670, -3.083330)"
Soko-Banja,23661,Valid,LL4,80000,Fell,01/01/1877 12:00:00 AM,43.66667,21.86667,"(43.666670, 21.866670)"
Baygorria,4980,Valid,"Iron, IAB complex",80000,Found,1/01/1994 0:00,-33,-56,"(-33.000000, -56.000000)"
Unter-Mässing,24124,Valid,"Iron, IIC",80000,Found,1/01/1920 0:00,49.09028,11.33333,"(49.090280, 11.333330)"
Vera,24161,Valid,L/LL4,80000,Found,1/01/1941 0:00,-29.91667,-60.28333,"(-29.916670, -60.283330)"
Mrirt,16819,Valid,Iron,79900,Found,1/01/1937 0:00,33.13333,-5.56667,"(33.133330, -5.566670)"
Belle Plaine,5004,Valid,L6,78800,Found,1/01/1950 0:00,37.31667,-97.25,"(37.316670, -97.250000)"
Finmarken,10103,Valid,"Pallasite, PMG",78300,Found,1/01/1902 0:00,70,24,"(70.000000, 24.000000)"
Parnallee,18108,Valid,LL3.6,77600,Fell,01/01/1857 12:00:00 AM,9.23333,78.35,"(9.233330, 78.350000)"
Jiddat al Harasis 230,35549,Valid,L5,77000,Found,1/01/2005 0:00,19.7127,56.58277,"(19.712700, 56.582770)"
Moorumbunna,16739,Valid,"Iron, IIIAB",77000,Found,1/01/1943 0:00,-28.91667,136.25,"(-28.916670, 136.250000)"
Augusta County,4897,Valid,"Iron, IIIAB",76000,Found,01/01/1858 12:00:00 AM,38.16667,-79.08333,"(38.166670, -79.083330)"
Northbranch,17010,Valid,H5,76000,Found,1/01/1972 0:00,39.99167,-98.34167,"(39.991670, -98.341670)"
Yelland Dry Lake,52641,Valid,H4,76000,Found,1/01/2007 0:00,39.35067,-114.40783,"(39.350670, -114.407830)"
Tawallah Valley,23889,Valid,"Iron, IVB",75750,Found,1/01/1939 0:00,-15.7,135.66667,"(-15.700000, 135.666670)"
Xingyang,24346,Valid,H6,75500,Fell,1/01/1977 0:00,32.33333,114.31667,"(32.333330, 114.316670)"
Northwest Africa 859,17884,Valid,"Iron, ungrouped",75300,Found,1/01/2001 0:00,,,
Acme,371,Valid,H5,75000,Found,1/01/1947 0:00,33.63333,-104.26667,"(33.633330, -104.266670)"
Bayard,4978,Valid,L5,75000,Found,1/01/1982 0:00,41.81667,-103.36667,"(41.816670, -103.366670)"
Wolsey,24328,Valid,"Iron, IAB-MG",74830,Found,1/01/1981 0:00,44.4,-98.53333,"(44.400000, -98.533330)"
Tilden,23998,Valid,L6,74800,Fell,1/01/1927 0:00,38.2,-89.68333,"(38.200000, -89.683330)"
Walker County,24204,Valid,"Iron, IIAB",74800,Found,01/01/1832 12:00:00 AM,34,-87.16667,"(34.000000, -87.166670)"
Hunter,11987,Valid,LL5,74600,Found,1/01/1962 0:00,36.56,-97.66667,"(36.560000, -97.666670)"
Ethiudna,10060,Valid,L4,74318,Found,1/01/1977 0:00,-32.03333,139.78333,"(-32.033330, 139.783330)"
Northwest Africa 267,17673,Valid,H4,73900,Found,1/01/2000 0:00,,,
Toufassour,47702,Valid,Mesosiderite,73300,Found,1/01/2007 0:00,29.65225,-7.7493,"(29.652250, -7.749300)"
Nelson County,16942,Valid,"Iron, IIIF",73030,Found,01/01/1856 12:00:00 AM,37.75,-85.5,"(37.750000, -85.500000)"
Uwharrie,24139,Valid,"Iron, IIIAB",72700,Found,1/01/1930 0:00,35.51667,-79.96667,"(35.516670, -79.966670)"
Uruaçu,24131,Valid,"Iron, IAB-MG",72500,Found,1/01/1992 0:00,-14.53333,-48.76667,"(-14.533330, -48.766670)"
Isoulane-n-Amahar,12052,Valid,L6,72000,Found,1/01/1945 0:00,27.12917,8.66722,"(27.129170, 8.667220)"
Mafuta,15384,Valid,"Iron, IID",71500,Found,1/01/1984 0:00,-16.9025,30.40722,"(-16.902500, 30.407220)"
Merua,15492,Valid,H5,71400,Fell,1/01/1920 0:00,25.48333,81.98333,"(25.483330, 81.983330)"
Portales Valley,18874,Valid,H6,71400,Fell,1/01/1998 0:00,34.175,-103.295,"(34.175000, -103.295000)"
Sierra Colorada,23588,Valid,L5,71300,Found,1/01/1995 0:00,-40.8,-67.48333,"(-40.800000, -67.483330)"
Tlacotepec,24013,Valid,"Iron, IVB",71000,Found,1/01/1903 0:00,18.65,-97.55,"(18.650000, -97.550000)"
Wooramel,24335,Valid,L5,71000,Found,1/01/1969 0:00,-25.65,114.21667,"(-25.650000, 114.216670)"
Mahadevpur,47361,Valid,H4/5,70500,Fell,1/01/2007 0:00,27.66667,95.78333,"(27.666670, 95.783330)"
Smithville,23654,Valid,"Iron, IAB-MG",70500,Found,01/01/1840 12:00:00 AM,35.98333,-85.85,"(35.983330, -85.850000)"
Peña Blanca Spring,18786,Valid,Aubrite,70000,Fell,1/01/1946 0:00,30.125,-103.11667,"(30.125000, -103.116670)"
Lahmada 009,12422,Valid,H3-6,70000,Found,1/01/1999 0:00,27.16667,-9.5,"(27.166670, -9.500000)"
Smithonia,23651,Valid,"Iron, IIAB",69900,Found,1/01/1940 0:00,34,-83.16667,"(34.000000, -83.166670)"
Landes,12457,Valid,"Iron, IAB-MG",69800,Found,1/01/1930 0:00,38.9,-79.18333,"(38.900000, -79.183330)"
Xinyi,24347,Valid,H5,69000,Found,1/01/1975 0:00,34.36667,118.33333,"(34.366670, 118.333330)"
Wu-chu-mu-ch'in,24341,Valid,"Iron, IAB-ung",68860,Found,1/01/1920 0:00,45.5,118,"(45.500000, 118.000000)"
Burlington,5172,Valid,"Iron, IIIE",68000,Found,01/01/1819 12:00:00 AM,42.75,-75.18333,"(42.750000, -75.183330)"
Hamilton (Queensland),11483,Valid,L6,68000,Found,1/01/1966 0:00,-28.48333,148.25,"(-28.483330, 148.250000)"
Marlow,15428,Valid,L5,68000,Found,1/01/1936 0:00,34.6,-97.91667,"(34.600000, -97.916670)"
Soledade,23662,Valid,"Iron, IAB-MG",68000,Found,1/01/1986 0:00,-29.05,-51.43333,"(-29.050000, -51.433330)"
Springwater,23692,Valid,"Pallasite, PMG-an",67600,Found,1/01/1931 0:00,52,-108.3,"(52.000000, -108.300000)"
Rahimyar Khan,31302,Valid,L5,67225,Fell,1/01/1983 0:00,28.225,70.2,"(28.225000, 70.200000)"
Pervomaisky,18798,Valid,L6,66000,Fell,1/01/1933 0:00,56.63333,39.43333,"(56.633330, 39.433330)"
Timochin,24004,Valid,H5,65500,Fell,01/01/1807 12:00:00 AM,54.5,35.2,"(54.500000, 35.200000)"
Sychevka,23772,Valid,"Iron, IIIAB",65000,Found,1/01/1988 0:00,51.125,127.495,"(51.125000, 127.495000)"
Bocaiuva,5092,Valid,"Iron, ungrouped",64000,Found,1/01/1965 0:00,-17.16667,-43.83333,"(-17.166670, -43.833330)"
Signal Mountain,23592,Valid,"Iron, IVA",63500,Found,1/01/1919 0:00,32.5,-115.5,"(32.500000, -115.500000)"
Treysa,24050,Valid,"Iron, IIIAB-an",63000,Fell,1/01/1916 0:00,50.91667,9.18333,"(50.916670, 9.183330)"
Derrick Peak 88017,6668,Valid,"Iron, IIAB",63000,Found,1/01/1988 0:00,-80.06667,156.38333,"(-80.066670, 156.383330)"
Santa Clara,23163,Valid,"Iron, IVB",63000,Found,1/01/1976 0:00,24.46667,-103.35,"(24.466670, -103.350000)"
Tanezrouft 072,31333,Valid,H6,62285,Found,1/01/2002 0:00,24.43817,0.103,"(24.438170, 0.103000)"
Thunda,23978,Valid,"Iron, IIIAB",62100,Found,01/01/1881 12:00:00 AM,-25.7,143.05,"(-25.700000, 143.050000)"
Covert,5456,Valid,H5,61000,Found,01/01/1896 12:00:00 AM,39.2,-98.78333,"(39.200000, -98.783330)"
Gold Basin,10940,Valid,L4,61000,Found,1/01/1995 0:00,35.875,-114.23333,"(35.875000, -114.233330)"
Hex River Mountains,11880,Valid,"Iron, IIAB",60000,Found,01/01/1882 12:00:00 AM,-33.31667,19.61667,"(-33.316670, 19.616670)"
Nicolás Levalle,52413,Valid,L5,60000,Found,1/01/1956 0:00,-38.85028,-62.87889,"(-38.850280, -62.878890)"
Savannah,23189,Valid,"Iron, IIIAB",60000,Found,1/01/1923 0:00,35.16667,-88.18333,"(35.166670, -88.183330)"
Yongning,30365,Valid,"Iron, IAB-ung",60000,Found,1/01/1971 0:00,22.75,108.33333,"(22.750000, 108.333330)"
Derrick Peak A78008,6684,Valid,"Iron, IIAB",59400,Found,1/01/1978 0:00,-80.06667,156.38333,"(-80.066670, 156.383330)"
Łowicz,14718,Valid,Mesosiderite-A3,59000,Fell,1/01/1935 0:00,52,19.91667,"(52.000000, 19.916670)"
Bohumilitz,5099,Valid,"Iron, IAB-MG",59000,Found,01/01/1829 12:00:00 AM,49.05,13.76667,"(49.050000, 13.766670)"
Piedade do Bagre,18817,Valid,"Iron, ungrouped",59000,Found,1/01/1922 0:00,-18.94167,-44.98333,"(-18.941670, -44.983330)"
Quijingue,22362,Valid,"Pallasite, PMG",59000,Found,1/01/1984 0:00,-10.75,-39.21667,"(-10.750000, -39.216670)"
Guadalupe y Calvo,11431,Valid,"Iron, IIAB",58630,Found,1/01/1971 0:00,26.1,-106.96667,"(26.100000, -106.966670)"
Aliskerovo,472,Valid,"Iron, IIIE-an",58400,Found,1/01/1977 0:00,67.88333,167.5,"(67.883330, 167.500000)"
Ivanpah,12062,Valid,"Iron, IIIAB",58000,Found,01/01/1880 12:00:00 AM,35.33333,-115.31667,"(35.333330, -115.316670)"
Phillips County (stone),18808,Valid,L6,57900,Fell,1/01/1901 0:00,40,-99.25,"(40.000000, -99.250000)"
Julesburg,12208,Valid,L3.6,57900,Found,1/01/1983 0:00,39.975,-102.26667,"(39.975000, -102.266670)"
Miami,16630,Valid,H5,57700,Found,1/01/1930 0:00,35.66667,-100.6,"(35.666670, -100.600000)"
Gladstone (stone),10921,Valid,H4,57300,Found,1/01/1936 0:00,36.3,-104,"(36.300000, -104.000000)"
Warburton Range,24212,Valid,"Iron, IVB",56930,Found,1/01/1963 0:00,-26.28333,126.66667,"(-26.283330, 126.666670)"
Farmville,10075,Valid,H4,56000,Fell,1/01/1934 0:00,35.55,-77.53333,"(35.550000, -77.533330)"
Northwest Africa 4493,44791,Valid,LL5,56000,Found,1/01/2005 0:00,,,
Ashmore,2349,Valid,H5,55400,Found,1/01/1969 0:00,32.9,-102.28333,"(32.900000, -102.283330)"
Jenkins,12080,Valid,"Iron, IAB-MG",55400,Found,1/01/1946 0:00,36.82444,-93.76111,"(36.824440, -93.761110)"
Kulnine,12372,Valid,L6,55300,Found,01/01/1886 12:00:00 AM,-34.15,141.78333,"(-34.150000, 141.783330)"
Wellman (a),24237,Valid,H5,55000,Found,1/01/1940 0:00,33.03333,-102.33333,"(33.033330, -102.333330)"
Rosebud,22767,Valid,H5,54900,Found,1/01/1915 0:00,30.81667,-97.05,"(30.816670, -97.050000)"
Elenovka,7824,Valid,L5,54640,Fell,1/01/1951 0:00,47.83333,37.66667,"(47.833330, 37.666670)"
Aprel'sky,2319,Valid,"Iron, IIIAB",54600,Found,1/01/1969 0:00,53.3,126.11667,"(53.300000, 126.116670)"
Markovka,15427,Valid,H4,54200,Found,1/01/1967 0:00,52.4,79.8,"(52.400000, 79.800000)"
Veramin,24162,Valid,Mesosiderite-B2,54000,Fell,01/01/1880 12:00:00 AM,35.33333,51.63333,"(35.333330, 51.633330)"
Chihuahua City,5350,Valid,"Iron, IC",54000,Found,1/01/1929 0:00,28.66667,-106.11667,"(28.666670, -106.116670)"
Dunganville,7748,Valid,"Iron, IIIAB",54000,Found,1/01/1976 0:00,-42.55,171.35,"(-42.550000, 171.350000)"
Uwet,24138,Valid,"Iron, IIAB",54000,Found,1/01/1903 0:00,5.28333,8.25,"(5.283330, 8.250000)"
Northwest Africa 2740,31146,Valid,L5,53822,Found,,,,
Kumerina,12375,Valid,"Iron, IIC",53500,Found,1/01/1937 0:00,-24.91667,119.41667,"(-24.916670, 119.416670)"
Ruff's Mountain,22779,Valid,"Iron, IIIAB",53070,Found,01/01/1844 12:00:00 AM,34.3,-81.4,"(34.300000, -81.400000)"
Dalton,5509,Valid,"Iron, IIIAB",53000,Found,01/01/1879 12:00:00 AM,34.8,-84.98333,"(34.800000, -84.983330)"
Nan Yang Pao,16903,Valid,L6,52900,Fell,1/01/1917 0:00,35.66667,103.5,"(35.666670, 103.500000)"
Northwest Africa 4526,44959,Valid,H4,52850,Found,1/01/2006 0:00,,,
Ahumada,419,Valid,"Pallasite, PMG",52600,Found,1/01/1909 0:00,30.7,-105.5,"(30.700000, -105.500000)"
Tobychan,24015,Valid,"Iron, IIE",52100,Found,1/01/1971 0:00,,,
Stannern,23713,Valid,Eucrite-mmict,52000,Fell,01/01/1808 12:00:00 AM,49.28333,15.56667,"(49.283330, 15.566670)"
Benjamin,5020,Valid,H4/5,51800,Found,1/01/1969 0:00,33.58333,-99.8,"(33.583330, -99.800000)"
Lancé,12455,Valid,CO3.5,51700,Fell,01/01/1872 12:00:00 AM,47.7,1.06667,"(47.700000, 1.066670)"
Grand Rapids,10955,Valid,"Iron, ungrouped",51700,Found,01/01/1883 12:00:00 AM,42.96667,-85.76667,"(42.966670, -85.766670)"
Ilimaes (iron),12022,Valid,"Iron, IIIAB",51700,Found,01/01/1870 12:00:00 AM,-26,-70,"(-26.000000, -70.000000)"
Leedey,12755,Valid,L6,51500,Fell,1/01/1943 0:00,35.88333,-99.33333,"(35.883330, -99.333330)"
Mungindi,16872,Valid,"Iron, IAB-sLM",51300,Found,01/01/1897 12:00:00 AM,-28.93333,148.95,"(-28.933330, 148.950000)"
Willow Creek,24276,Valid,"Iron, IIIE",51000,Found,1/01/1914 0:00,43.46667,-106.76667,"(43.466670, -106.766670)"
La Grange,12399,Valid,"Iron, IVA",50800,Found,01/01/1860 12:00:00 AM,38.4,-85.36667,"(38.400000, -85.366670)"
Davy (a),6616,Valid,L4,50600,Found,1/01/1940 0:00,29.1,-97.6,"(29.100000, -97.600000)"
Richland,22601,Valid,"Iron, IIAB",50600,Found,1/01/1951 0:00,31.9,-96.4,"(31.900000, -96.400000)"
Santa Vitoria do Palmar,35478,Valid,L3,50400,Found,1/01/2003 0:00,-33.50944,-53.41083,"(-33.509440, -53.410830)"
Northwest Africa 1581,17340,Valid,L6,50200,Found,1/01/2001 0:00,31.38333,-4.25,"(31.383330, -4.250000)"
Akyumak,433,Valid,"Iron, IVA",50000,Fell,1/01/1981 0:00,39.91667,42.81667,"(39.916670, 42.816670)"
Aumale,4899,Valid,L6,50000,Fell,01/01/1865 12:00:00 AM,36.16667,3.66667,"(36.166670, 3.666670)"
Ausson,4903,Valid,L5,50000,Fell,01/01/1858 12:00:00 AM,43.08333,0.58333,"(43.083330, 0.583330)"
Krymka,12364,Valid,LL3.2,50000,Fell,1/01/1946 0:00,47.83333,30.76667,"(47.833330, 30.766670)"
Limerick,14652,Valid,H5,50000,Fell,01/01/1813 12:00:00 AM,52.56667,-8.78333,"(52.566670, -8.783330)"
Nuevo Mercurio,17938,Valid,H5,50000,Fell,1/01/1978 0:00,24.3,-102.13333,"(24.300000, -102.133330)"
Valera,24149,Valid,L5,50000,Fell,1/01/1972 0:00,9.31667,-70.62833,"(9.316670, -70.628330)"
Wuan,24340,Valid,H6,50000,Fell,1/01/1986 0:00,36.75,114.25,"(36.750000, 114.250000)"
Dhofar 1654,55572,Valid,L5,50000,Found,1/01/2011 0:00,18.67877,54.2876,"(18.678770, 54.287600)"
Hammadah al Hamra 153,11636,Valid,H3.8-4,50000,Found,1/01/1995 0:00,28.60033,13.5775,"(28.600330, 13.577500)"
Hinojal,11887,Valid,L6,50000,Found,1/01/1927 0:00,-32.36667,-60.15,"(-32.366670, -60.150000)"
Ingella Station,12034,Valid,H5,50000,Found,1/01/1987 0:00,-25.55,142.78333,"(-25.550000, 142.783330)"
Northwest Africa 5775,49455,Valid,LL5,50000,Found,1/01/2006 0:00,0,0,"(0.000000, 0.000000)"
Northwest Africa 6903,53891,Valid,"Iron, IIIAB",50000,Found,1/01/2008 0:00,32.37167,-6.36,"(32.371670, -6.360000)"
Waconda,24195,Valid,L6,50000,Found,01/01/1873 12:00:00 AM,39.33333,-98.16667,"(39.333330, -98.166670)"
Winburg,24283,Valid,"Iron, IC-an",50000,Found,01/01/1881 12:00:00 AM,-28.5,27,"(-28.500000, 27.000000)"
Zagora,30387,Valid,"Iron, IAB-ung",50000,Found,1/01/1987 0:00,30.36667,-5.85,"(30.366670, -5.850000)"
Jiddat al Harasis 342,45866,Valid,L5,49750,Found,1/01/2006 0:00,19.71458,56.54755,"(19.714580, 56.547550)"
Hraschina,11916,Valid,"Iron, IID",49000,Fell,01/01/1751 12:00:00 AM,46.1,16.33333,"(46.100000, 16.333330)"
Agua Blanca,397,Valid,"Iron, IIIAB",49000,Found,1/01/1938 0:00,-28.91667,-66.95,"(-28.916670, -66.950000)"
Mapleton,15410,Valid,"Iron, IIIAB",49000,Found,1/01/1939 0:00,42.18333,-95.71667,"(42.183330, -95.716670)"
Thule,23977,Valid,"Iron, IIIAB",48600,Found,1/01/1955 0:00,76.53333,-67.55,"(76.533330, -67.550000)"
Cabin Creek,5186,Valid,"Iron, IIIAB",48500,Fell,01/01/1886 12:00:00 AM,35.5,-93.5,"(35.500000, -93.500000)"
Bear Lodge,4983,Valid,"Iron, IIIAB",48500,Found,1/01/1931 0:00,44.5,-104.2,"(44.500000, -104.200000)"
Crab Orchard,5461,Valid,Mesosiderite-A1,48500,Found,01/01/1887 12:00:00 AM,35.83333,-84.91667,"(35.833330, -84.916670)"
Bischtübe,5057,Valid,"Iron, IAB-sLL",48250,Found,01/01/1888 12:00:00 AM,51.95,62.2,"(51.950000, 62.200000)"
Woodbine,24330,Valid,"Iron, IAB-ung",48200,Found,1/01/1953 0:00,42.34667,-90.1675,"(42.346670, -90.167500)"
Jackalsfontein,12065,Valid,L6,48000,Fell,1/01/1903 0:00,-32.5,21.9,"(-32.500000, 21.900000)"
Bagnone,4921,Valid,"Iron, IIIAB",48000,Found,1/01/1904 0:00,44.31667,9.98333,"(44.316670, 9.983330)"
Sukhoj Liman,23739,Valid,H4/5,48000,Found,1/01/1987 0:00,46.4,30.8,"(46.400000, 30.800000)"
Dresden (Ontario),7731,Valid,H6,47700,Fell,1/01/1939 0:00,42.52,-82.26,"(42.520000, -82.260000)"
Red Rock,22549,Valid,"Iron, IIIAB",47600,Found,1/01/1976 0:00,35.41667,-117.91667,"(35.416670, -117.916670)"
Roy (1933),22774,Valid,L5,47200,Found,1/01/1933 0:00,35.95,-104.2,"(35.950000, -104.200000)"
Gomez,10944,Valid,L6,47000,Found,1/01/1974 0:00,33.18139,-102.40139,"(33.181390, -102.401390)"
South African Railways,23674,Valid,"Iron, IVA",47000,Found,1/01/1938 0:00,,,
Cuero,5493,Valid,H5,46500,Found,1/01/1936 0:00,29.01667,-97.28333,"(29.016670, -97.283330)"
Harrisonville,11844,Valid,L6,46500,Found,1/01/1933 0:00,38.65,-94.33333,"(38.650000, -94.333330)"
Lakewood,12450,Valid,L6,46500,Found,1/01/1955 0:00,32.62972,-104.35,"(32.629720, -104.350000)"
Rancho de la Pila (1882),22389,Valid,"Iron, IIIAB",46500,Found,01/01/1882 12:00:00 AM,24.11667,-104.3,"(24.116670, -104.300000)"
Osseo,18037,Valid,"Iron, IAB complex",46300,Found,1/01/1931 0:00,47.63333,-80.08333,"(47.633330, -80.083330)"
